2019,Highest Temperature,Lowest Temperature,Rain,Total,(Inches)
Jan,62,42,2.15000
Feb,56,39,4.00000
Mar,64,42,2.44000
Apr,71,47,0.24000
May,68,49,1.91000
Jun,79,52,0.22000
Jul,80,53,3.65000
Aug,83,56,0.00000
Sep,82,54,0.00000
Oct,78,44,0.00000
Nov,69,40,1.40000
Dec,58,49,2.87000